{
  "op": "pipeline",
  "attributes": {
    "nodes": {
      "string": ["VectorAssembler_40a9896e14ee7d102859", "StandardScaler_4b01bc15c031c9d05f3a", "StringIndexer_4ec8b7db87be6e49d7bc", "StringIndexer_41e79fcd7c8fdaebb078", "StringIndexer_43ceb8876ed9ecd5639e", "StringIndexer_4c2da86e512638f48312", "StringIndexer_474fa8dbdd57163b800e", "OneHotEncoder_4d8eb7f5d425515ebf6d", "OneHotEncoder_4580ab809c00764827af", "OneHotEncoder_4d12a4176ca70dc6e4f2", "OneHotEncoder_4a61bada062db158d202", "OneHotEncoder_4ddc8077cc5dcdf20d60"],
      "type": "list"
    }
  }
}