{
  "op": "logistic_regression",
  "attributes": {
    "num_classes": {
      "long": 2
    },
    "coefficients": {
      "double": [5.164097003665188, 0.14844523069395135, -0.015705123498193415, 0.0823942598835719, -0.045874289252560936, -0.028944907848220756, -0.3535018743208069, -1.4264540302437834],
      "shape": {
        "dimensions": [{
          "size": 8,
          "name": ""
        }]
      },
      "type": "tensor"
    },
    "intercept": {
      "double": -2.42361386231739
    },
    "threshold": {
      "double": 0.5
    }
  }
}